rfloat,rbool,site,id
3.14159,True,MLA,750925229
2.7173,False,MLA,845041373
1.23456,False,MLC,693105237