flotante,booleano,site,id
3.14159,True,MLA,750925229
3.14159,True,MLA,750925229
3.14159,True,MLA,750925229
2.7173,False,MLA,845041373
1.23456,False,MLC,693105237
88.23456,False,MLC,693105237
88.23456,False,MLC,693105237
88.23456,False,MLC,693105237
1.23456,False,MLC,693105237
88.23456,False,MLC,693105237